original,converted,r1_clipping,r1_brightness,r1_hue,r2_clipping,r2_brightness,r2_hue,equals,aeRelative,maeRelative,mseRelative,paeRelative,ssimSimple,ssimSimpleHue,ssimSimpleSaturation
5DIII_LISI_charlie_maedels_1081_.CR2,5DIII_LISI_charlie_maedels_1081_AdobeDNC.dng,3,3,3,3,3,3,FALSE,0.9994436,0.9994436,0.00007599642,0.067840576,0.99737453,0.97757906,0.9833752
5DIII_LISI_charlie_nachbarin_007_.CR2,5DIII_LISI_charlie_nachbarin_007_AdobeDNC.dng,3,3,3,3,3,3,FALSE,0.99951977,0.99951977,0.0012811433,0.09651184,0.9854729,0.96060675,0.9506913
5DIII_LISI_charlito85er_005_.CR2,5DIII_LISI_charlito85er_005_AdobeDNC.dng,3,3,3,3,3,3,FALSE,1,1,0.002678047,0.10609436,0.9908402,0.9976557,0.9876296
5DIII_LISI_charlito85er_026_.CR2,5DIII_LISI_charlito85er_026_AdobeDNC.dng,3,3,3,3,3,3,FALSE,1,1,0.002004616,0.12057495,0.9855038,0.9883307,0.9743764
Canon40D_FLO_.CR2,Canon40D_FLO_AdobeDNC.dng,3,3,3,3,3,3,FALSE,0.98011833,0.98011833,0.00003496457,0.14367676,0.9977407,0.9842879,0.9830851
Canon5DII_FLO_.CR2,Canon5DII_FLO_AdobeDNC.dng,3,3,3,3,3,3,FALSE,0.90047765,0.90047765,0.00003013826,0.38484192,0.99749196,0.99096155,0.9810036
Canon60D_FLO_.CR2,Canon60D_FLO_AdobeDNC.dng,3,3,3,3,3,3,FALSE,0.9658695,0.9658695,0.002759284,0.3149109,0.9763794,0.94676447,0.9520351
D300_PN_DSC_2337_.NEF,D300_PN_DSC_2337_AdobeDNC.dng,3,3,3,3,3,3,FALSE,0.9885179,0.9885179,0.0001649483,0.41433716,0.99668306,0.9801306,0.96675515
D300_PN_DSC_2373_.NEF,D300_PN_DSC_2373_AdobeDNC.dng,3,3,3,3,3,3,FALSE,0.9885055,0.9885055,0.0001776481,0.14770508,0.99657416,0.9824113,0.97085404
D300_PN_DSC_2848_.NEF,D300_PN_DSC_2848_AdobeDNC.dng,3,3,3,3,3,3,FALSE,0.9984643,0.9984643,0.0001933016,0.19056702,0.9969837,0.98091644,0.9815197
D300_PN_DSC_4045_.NEF,D300_PN_DSC_4045_AdobeDNC.dng,3,3,3,3,3,3,FALSE,0.9936362,0.9936362,0.0001476757,0.21961975,0.9933176,0.97619903,0.97141755
D300_PN_DSC_4311_.NEF,D300_PN_DSC_4311_AdobeDNC.dng,3,3,3,3,3,3,FALSE,0.9742368,0.9742368,0.0001304543,0.47351074,0.9956099,0.985096,0.9767773
D300_PN_DSC_4547_.NEF,D300_PN_DSC_4547_AdobeDNC.dng,3,3,3,3,3,3,FALSE,0.97477543,0.97477543,0.0002003049,0.19317627,0.99600524,0.96682996,0.9597424
D300_PN_DSC_5147_.NEF,D300_PN_DSC_5147_AdobeDNC.dng,3,3,3,3,3,3,FALSE,0.9948955,0.9948955,0.0003092228,0.13143921,0.9964196,0.9671592,0.9795958
D300_PN_DSC_5358_.NEF,D300_PN_DSC_5358_AdobeDNC.dng,3,3,3,3,3,3,FALSE,0.98790145,0.98790145,0.0001995208,0.2947998,0.9967453,0.9822201,0.97307146
D300_PN_DSC_5449_.NEF,D300_PN_DSC_5449_AdobeDNC.dng,3,3,3,3,3,3,FALSE,0.9995209,0.9995209,0.0001612042,0.08139038,0.9952771,0.98475033,0.9744729
D300_PN_DSC_5574_.NEF,D300_PN_DSC_5574_AdobeDNC.dng,3,3,3,3,3,3,FALSE,0.99999017,0.99999017,0.0002314303,0.12440491,0.9968367,0.99431527,0.9857515
D300_PN_DSC_6926_.NEF,D300_PN_DSC_6926_AdobeDNC.dng,3,3,3,3,3,3,FALSE,0.9998272,0.9998272,0.00007763342,0.31217957,0.99351585,0.993072,0.981158
D300_PN_DSC_7484_.NEF,D300_PN_DSC_7484_AdobeDNC.dng,3,3,3,3,3,3,FALSE,0.9886598,0.9886598,0.0001154476,0.1454773,0.9965459,0.98876745,0.9828442
D300_PN_DSC_7589_.NEF,D300_PN_DSC_7589_AdobeDNC.dng,3,3,3,3,3,3,FALSE,0.99833393,0.99833393,0.000118155,0.11987305,0.9960839,0.9911751,0.98671734
D300_PN_DSC_8921_.NEF,D300_PN_DSC_8921_AdobeDNC.dng,3,3,3,3,3,3,FALSE,0.99663407,0.99663407,0.0001750703,0.12545776,0.9968899,0.99520445,0.986175
D300_PN_DSC_8937_.NEF,D300_PN_DSC_8937_AdobeDNC.dng,3,3,3,3,3,3,FALSE,0.9226703,0.9226703,0.0001348061,0.37722778,0.9953897,0.9837335,0.9626834
D300_PN_DSC_9062_.NEF,D300_PN_DSC_9062_AdobeDNC.dng,3,3,3,3,3,3,FALSE,0.9700899,0.9700899,0.0001276339,0.12068176,0.9959234,0.98806477,0.97323644
D300_PN_DSC_9164_.NEF,D300_PN_DSC_9164_AdobeDNC.dng,3,3,3,3,3,3,FALSE,0.956741,0.956741,0.0001450899,0.20753479,0.99532527,0.9872846,0.9761385
D3_LISI_DSC4421_.NEF,D3_LISI_DSC4421_AdobeDNC.dng,3,3,3,3,3,3,FALSE,0.99896556,0.99896556,0.0001210661,0.15065002,0.997446,0.99331933,0.9776392
D3_LISI_IMG4467_.NEF,D3_LISI_IMG4467_AdobeDNC.dng,3,3,3,3,3,3,FALSE,0.99847096,0.99847096,0.000093059876,0.1545105,0.9986247,0.9838588,0.9844558
D3_LISI_IMG4502_.NEF,D3_LISI_IMG4502_AdobeDNC.dng,3,3,3,3,3,3,FALSE,0.90543807,0.90543807,0.0001470697,0.07699585,0.9953676,0.9650458,0.95248723
D3_LISI_pflanze_011_.NEF,D3_LISI_pflanze_011_AdobeDNC.dng,3,3,3,3,3,3,FALSE,0.6134309,0.6134309,0.000021684373,0.07287598,0.9951544,0.93395805,0.87962174
D4_LISI_hundezone_009_.NEF,D4_LISI_hundezone_009_AdobeDNC.dng,3,3,3,3,3,3,FALSE,0.9999805,0.9999805,0.00008479181,0.064315796,0.9968014,0.97965527,0.9750103
D4_LISI_hundezone_029_.NEF,D4_LISI_hundezone_029_AdobeDNC.dng,3,3,3,3,3,3,FALSE,0.9999875,0.9999875,0.0001048222,0.21748352,0.99741906,0.9565882,0.9521239
D4_LISI_hundezone_043_.NEF,D4_LISI_hundezone_043_AdobeDNC.dng,3,3,3,3,3,3,FALSE,0.9996633,0.9996633,0.00008514177,0.05076599,0.9973133,0.96132505,0.9722388
D4_LISI_hundezone_045_.NEF,D4_LISI_hundezone_045_AdobeDNC.dng,3,3,3,3,3,3,FALSE,0.9999352,0.9999352,0.000086931694,0.18299866,0.99755406,0.9612044,0.9738233
D700_CMK_1449_.NEF,D700_CMK_1449_AdobeDNC.dng,3,3,3,3,3,3,FALSE,0.99520606,0.99520606,0.000038712948,0.0887146,0.99875206,0.98299414,0.98024774
D700_CMK_1455_.NEF,D700_CMK_1455_AdobeDNC.dng,3,3,3,3,3,3,FALSE,0.96039665,0.96039665,0.00004224333,0.18946838,0.9986333,0.97921103,0.97948366
D700_CMK_1476_.NEF,D700_CMK_1476_AdobeDNC.dng,3,3,3,3,3,3,FALSE,0.9694884,0.9694884,0.000071275055,0.20991516,0.99788755,0.9687881,0.98463637
D700_KPIC_1_.NEF,D700_KPIC_1_AdobeDNC.dng,3,3,3,3,3,3,FALSE,0.991904,0.991904,0.000044697877,0.2243042,0.9976854,0.9971629,0.991946
D700_KPIC_2_.NEF,D700_KPIC_2_AdobeDNC.dng,3,3,3,3,3,3,FALSE,0.99021477,0.99021477,0.000027206263,0.08848572,0.998327,0.997057,0.98891616
D700_KPIC_3_.NEF,D700_KPIC_3_AdobeDNC.dng,3,3,3,3,3,3,FALSE,0.98446053,0.98446053,0.00003172,0.110458374,0.9965373,0.97937524,0.9813368
D700_PN_DSC_0143_.NEF,D700_PN_DSC_0143_AdobeDNC.dng,3,3,3,3,3,3,FALSE,0.89554477,0.89554477,0.00002664258,0.100494385,0.99842346,0.9920514,0.9832642
D700_PN_DSC_0302_.NEF,D700_PN_DSC_0302_AdobeDNC.dng,3,3,3,3,3,3,FALSE,0.99429387,0.99429387,0.000034463606,0.12823486,0.99813294,0.9906068,0.98288006
D700_PN_DSC_0364_.NEF,D700_PN_DSC_0364_AdobeDNC.dng,3,3,3,3,3,3,FALSE,0.9513576,0.9513576,0.000032970544,0.13772583,0.9977051,0.9780238,0.9688123
D700_PN_DSC_0443_.NEF,D700_PN_DSC_0443_AdobeDNC.dng,3,3,3,3,3,3,FALSE,0.8175362,0.8175362,0.000013885394,0.29655457,0.9978038,0.98399216,0.96165115
D700_PN_DSC_0570_.NEF,D700_PN_DSC_0570_AdobeDNC.dng,3,3,3,3,3,3,FALSE,0.9063117,0.9063117,0.00002265517,0.12782288,0.9972013,0.98569506,0.9741025
D700_PN_DSC_1220_.NEF,D700_PN_DSC_1220_AdobeDNC.dng,3,3,3,3,3,3,FALSE,0.9852534,0.9852534,0.000024697627,0.14086914,0.9968886,0.9937095,0.9874913
D700_PN_DSC_1316_.NEF,D700_PN_DSC_1316_AdobeDNC.dng,3,3,3,3,3,3,FALSE,0.8747551,0.8747551,0.000019889352,0.10820007,0.9965557,0.9820953,0.97450143
D700_PN_DSC_1348_.NEF,D700_PN_DSC_1348_AdobeDNC.dng,3,3,3,3,3,3,FALSE,0.96380013,0.96380013,0.000026692096,0.1671753,0.99729383,0.98791045,0.98552084
D700_PN_DSC_1353_.NEF,D700_PN_DSC_1353_AdobeDNC.dng,3,3,3,3,3,3,FALSE,0.97252506,0.97252506,0.00002840773,0.15078735,0.9973203,0.98880184,0.98691726
D700_PN_DSC_2109_.NEF,D700_PN_DSC_2109_AdobeDNC.dng,3,3,3,3,3,3,FALSE,0.9004641,0.9004641,0.00003779427,0.13929749,0.9977015,0.9852355,0.9612421
D700_PN_DSC_2261_.NEF,D700_PN_DSC_2261_AdobeDNC.dng,3,3,3,3,3,3,FALSE,0.97773683,0.97773683,0.000051961,0.062423706,0.9969645,0.96799606,0.97146994
D700_PN_DSC_2552_.NEF,D700_PN_DSC_2552_AdobeDNC.dng,3,3,3,3,3,3,FALSE,0.970025,0.970025,0.000034518434,0.05996704,0.9974806,0.96596265,0.96626097
D700_PN_DSC_3021_.NEF,D700_PN_DSC_3021_AdobeDNC.dng,3,3,3,3,3,3,FALSE,0.99603784,0.99603784,0.000034212495,0.24435425,0.9971362,0.94299805,0.96116686
D700_PN_DSC_3032_.NEF,D700_PN_DSC_3032_AdobeDNC.dng,3,3,3,3,3,3,FALSE,0.99998266,0.99998266,0.000051143663,0.09289551,0.99649596,0.9993491,0.9876559
D700_PN_DSC_3735_.NEF,D700_PN_DSC_3735_AdobeDNC.dng,3,3,3,3,3,3,FALSE,0.9539305,0.9539305,0.000041218194,0.11604309,0.9978481,0.989545,0.98117626
D700_PN_DSC_3748_.NEF,D700_PN_DSC_3748_AdobeDNC.dng,3,3,3,3,3,3,FALSE,0.9427012,0.9427012,0.00003447515,0.11230469,0.99853545,0.9923755,0.9836504
D700_PN_DSC_3825_.NEF,D700_PN_DSC_3825_AdobeDNC.dng,3,3,3,3,3,3,FALSE,0.8521195,0.8521195,0.000031050466,0.23794556,0.9981889,0.9871896,0.96961987
D700_PN_DSC_3872_.NEF,D700_PN_DSC_3872_AdobeDNC.dng,3,3,3,3,3,3,FALSE,Image size does not match,Image size does not match,Image size does not match,Image size does not match,0.9973394,0.92233247,0.9176538
D700_PN_DSC_4115_.NEF,D700_PN_DSC_4115_AdobeDNC.dng,3,3,3,3,3,3,FALSE,0.97534597,0.97534597,0.000038973194,0.17181396,0.9985315,0.99389905,0.9862229
D700_PN_DSC_4148_.NEF,D700_PN_DSC_4148_AdobeDNC.dng,3,3,3,3,3,3,FALSE,0.96782374,0.96782374,0.00003089383,0.19058228,0.9979846,0.991273,0.9817395
D700_PN_DSC_4176_.NEF,D700_PN_DSC_4176_AdobeDNC.dng,3,3,3,3,3,3,FALSE,0.9969171,0.9969171,0.000041482803,0.21281433,0.99823344,0.99249506,0.9873153
D700_PN_DSC_4219_.NEF,D700_PN_DSC_4219_AdobeDNC.dng,3,3,3,3,3,3,FALSE,0.9987687,0.9987687,0.000036035082,0.14242554,0.99731797,0.98986447,0.98391664
D700_PN_DSC_4406_.NEF,D700_PN_DSC_4406_AdobeDNC.dng,3,3,3,3,3,3,FALSE,0.7930801,0.7930801,0.000017180833,0.21559143,0.9971066,0.99229014,0.9703568
D700_PN_DSC_4607_.NEF,D700_PN_DSC_4607_AdobeDNC.dng,3,3,3,3,3,3,FALSE,0.9826671,0.9826671,0.000034121524,0.13920593,0.9979465,0.99133486,0.98436505
D700_PN_DSC_4745_.NEF,D700_PN_DSC_4745_AdobeDNC.dng,3,3,3,3,3,3,FALSE,Image size does not match,Image size does not match,Image size does not match,Image size does not match,0.9962991,0.9659585,0.952054
D700_PN_DSC_4769_.NEF,D700_PN_DSC_4769_AdobeDNC.dng,3,3,3,3,3,3,FALSE,Image size does not match,Image size does not match,Image size does not match,Image size does not match,0.9950681,0.9721306,0.9489818
D700_PN_DSC_4931_.NEF,D700_PN_DSC_4931_AdobeDNC.dng,3,3,3,3,3,3,FALSE,0.98984617,0.98984617,0.000034818368,0.35655212,0.9976696,0.991023,0.9825887
D700_PN_DSC_5284_.NEF,D700_PN_DSC_5284_AdobeDNC.dng,3,3,3,3,3,3,FALSE,0.9849166,0.9849166,0.00003446875,0.20622253,0.99659735,0.99301475,0.98568016
D700_PN_DSC_5424_.NEF,D700_PN_DSC_5424_AdobeDNC.dng,3,3,3,3,3,3,FALSE,0.9848638,0.9848638,0.000046642843,0.39361572,0.99754024,0.99379784,0.988097
D700_PN_DSC_5526_.NEF,D700_PN_DSC_5526_AdobeDNC.dng,3,3,3,3,3,3,FALSE,0.9964086,0.9964086,0.000044551165,0.12095642,0.9981119,0.98148656,0.9849683
D700_PN_DSC_5590_.NEF,D700_PN_DSC_5590_AdobeDNC.dng,3,3,3,3,3,3,FALSE,0.9691091,0.9691091,0.000045803903,0.23355103,0.9968268,0.9583776,0.9692276
D700_PN_DSC_5641_.NEF,D700_PN_DSC_5641_AdobeDNC.dng,3,3,3,3,3,3,FALSE,0.96731967,0.96731967,0.00004552329,0.1296997,0.9965967,0.9849296,0.97415125
D700_PN_DSC_5670_.NEF,D700_PN_DSC_5670_AdobeDNC.dng,3,3,3,3,3,3,FALSE,0.9775601,0.9775601,0.000033835368,0.1454773,0.9986735,0.9883352,0.9887444
D700_PN_DSC_5705_.NEF,D700_PN_DSC_5705_AdobeDNC.dng,3,3,3,3,3,3,FALSE,0.98976433,0.98976433,0.00003362864,0.1611023,0.99793273,0.9837245,0.9857882
D700_PN_DSC_5787_.NEF,D700_PN_DSC_5787_AdobeDNC.dng,3,3,3,3,3,3,FALSE,0.99707973,0.99707973,0.000047722,0.2384491,0.9972889,0.99378556,0.9860733
D700_PN_DSC_5796_.NEF,D700_PN_DSC_5796_AdobeDNC.dng,3,3,3,3,3,3,FALSE,0.9850237,0.9850237,0.00003230381,0.12684631,0.9980095,0.9879226,0.9877713
D700_PN_DSC_5814_.NEF,D700_PN_DSC_5814_AdobeDNC.dng,3,3,3,3,3,3,FALSE,0.9612326,0.9612326,0.000026662288,0.08509827,0.99648845,0.9786005,0.97553134
D700_PN_DSC_5864_.NEF,D700_PN_DSC_5864_AdobeDNC.dng,3,3,3,3,3,3,FALSE,0.9703419,0.9703419,0.000032867865,0.15664673,0.9976785,0.98480797,0.98428833
D700_PN_DSC_6042_.NEF,D700_PN_DSC_6042_AdobeDNC.dng,3,3,3,3,3,3,FALSE,0.98688877,0.98688877,0.000030258783,0.31689453,0.9982432,0.99485385,0.9920103
D700_PN_DSC_6263_.NEF,D700_PN_DSC_6263_AdobeDNC.dng,3,3,3,3,3,3,FALSE,0.82896996,0.82896996,0.00001769,0.48129272,0.99848914,0.9740051,0.97184485
D700_PN_DSC_6316_.NEF,D700_PN_DSC_6316_AdobeDNC.dng,3,3,3,3,3,3,FALSE,0.9360338,0.9360338,0.000032668228,0.4681549,0.998553,0.9730836,0.9736431
D700_PN_DSC_7179_.NEF,D700_PN_DSC_7179_AdobeDNC.dng,3,3,3,3,3,3,FALSE,0.79386467,0.79386467,0.000015859901,0.10038757,0.99752724,0.9831466,0.969097
D700_PN_DSC_7941_.NEF,D700_PN_DSC_7941_AdobeDNC.dng,3,3,3,3,3,3,FALSE,0.90132236,0.90132236,0.000022640668,0.66986084,0.99714583,0.9932483,0.98120296
D700_PN_DSC_8622_.NEF,D700_PN_DSC_8622_AdobeDNC.dng,3,3,3,3,3,3,FALSE,0.7309772,0.7309772,0.000012237384,0.3803711,0.9953247,0.9702476,0.9552889
D700_PN_DSC_8735_.NEF,D700_PN_DSC_8735_AdobeDNC.dng,3,3,3,3,3,3,FALSE,0.9607462,0.9607462,0.000033468157,0.5514221,0.99889374,0.9893554,0.9886251
D700_PN_DSC_9047_.NEF,D700_PN_DSC_9047_AdobeDNC.dng,3,3,3,3,3,3,FALSE,0.86833763,0.86833763,0.000033738535,0.108566284,0.99716693,0.9769237,0.9669707
D70s_PN_20080619-DSC_0252_1839_.NEF,D70s_PN_20080619-DSC_0252_1839_AdobeDNC.dng,3,3,3,3,3,3,FALSE,Image size does not match,Image size does not match,Image size does not match,Image size does not match,1,1,1
D70s_PN_DSC_0045_.NEF,D70s_PN_DSC_0045_AdobeDNC.dng,3,3,3,3,3,3,FALSE,Image size does not match,Image size does not match,Image size does not match,Image size does not match,1,1,1
D70s_PN_DSC_0226_.NEF,D70s_PN_DSC_0226_AdobeDNC.dng,3,3,3,3,3,3,FALSE,Image size does not match,Image size does not match,Image size does not match,Image size does not match,1,1,1
D70s_PN_DSC_0264_.NEF,D70s_PN_DSC_0264_AdobeDNC.dng,3,3,3,3,3,3,FALSE,Image size does not match,Image size does not match,Image size does not match,Image size does not match,1,1,1
D70s_PN_DSC_0309_.NEF,D70s_PN_DSC_0309_AdobeDNC.dng,3,3,3,3,3,3,FALSE,Image size does not match,Image size does not match,Image size does not match,Image size does not match,1,1,1
D800_KPIC_1_.NEF,D800_KPIC_1_AdobeDNC.dng,3,3,3,3,3,3,FALSE,0.9972608,0.9972608,0.0001615202,0.14108276,0.9960009,0.99566126,0.98827225
D800_KPIC_2_.NEF,D800_KPIC_2_AdobeDNC.dng,3,3,3,3,3,3,FALSE,0.99989957,0.99989957,0.0002588754,0.27949524,0.9960835,0.9821864,0.98717487
D80_PN_20070331-0216-1_.NEF,D80_PN_20070331-0216-1_AdobeDNC.dng,3,3,3,3,3,3,FALSE,Image size does not match,Image size does not match,Image size does not match,Image size does not match,0.93514365,0.87549525,0.72239935
D80_PN_20070331-0336-2_.NEF,D80_PN_20070331-0336-2_AdobeDNC.dng,3,3,3,3,3,3,FALSE,Image size does not match,Image size does not match,Image size does not match,Image size does not match,0.94758224,0.85537326,0.71090925
D80_PN_20070331-1952-4_.NEF,D80_PN_20070331-1952-4_AdobeDNC.dng,3,3,3,3,3,3,FALSE,Image size does not match,Image size does not match,Image size does not match,Image size does not match,0.9778117,0.9005267,0.91717625
D80_PN_DSC_0151_.NEF,D80_PN_DSC_0151_AdobeDNC.dng,3,3,3,3,3,3,FALSE,Image size does not match,Image size does not match,Image size does not match,Image size does not match,0.9797965,0.9449023,0.9056199
DSC_0141_.NEF,DSC_0141_AdobeDNC.dng,3,3,2,3,3,3,FALSE,Image size does not match,Image size does not match,Image size does not match,Image size does not match,0.9553651,0.92423934,0.76333797
DSC_2265_.NEF,DSC_2265_AdobeDNC.dng,3,3,3,3,3,3,FALSE,Image size does not match,Image size does not match,Image size does not match,Image size does not match,0.96683395,0.9717159,0.781433
DSC_2599_.NEF,DSC_2599_AdobeDNC.dng,3,3,3,3,3,3,FALSE,Image size does not match,Image size does not match,Image size does not match,Image size does not match,0.98208797,0.96130824,0.8448476
DSC_2982_.NEF,DSC_2982_AdobeDNC.dng,3,3,3,3,3,3,FALSE,Image size does not match,Image size does not match,Image size does not match,Image size does not match,0.97263545,0.8682969,0.775879
DSC_2984_.NEF,DSC_2984_AdobeDNC.dng,3,3,3,3,3,,FALSE,Image size does not match,Image size does not match,Image size does not match,Image size does not match,0.9740909,0.9442252,0.86149997
DSC_2986_.NEF,DSC_2986_AdobeDNC.dng,3,3,3,3,3,3,FALSE,Image size does not match,Image size does not match,Image size does not match,Image size does not match,0.9500268,0.94061893,0.74620694
DSC_2987_.NEF,DSC_2987_AdobeDNC.dng,3,3,3,3,3,3,FALSE,Image size does not match,Image size does not match,Image size does not match,Image size does not match,0.9814417,0.91007817,0.81598216
DSC_2988_.NEF,DSC_2988_AdobeDNC.dng,3,3,3,3,3,3,FALSE,Image size does not match,Image size does not match,Image size does not match,Image size does not match,0.9777723,0.97124445,0.8815357
DSC_2991_.NEF,DSC_2991_AdobeDNC.dng,3,3,3,3,3,3,FALSE,Image size does not match,Image size does not match,Image size does not match,Image size does not match,0.9711026,0.9596007,0.7800875
DSC_3006_.NEF,DSC_3006_AdobeDNC.dng,3,3,3,3,3,3,FALSE,Image size does not match,Image size does not match,Image size does not match,Image size does not match,0.9855818,0.92306715,0.7932768
DSC_3015_.NEF,DSC_3015_AdobeDNC.dng,3,3,3,3,3,3,FALSE,Image size does not match,Image size does not match,Image size does not match,Image size does not match,0.95171213,0.9155778,0.7502243
DSC_3022_.NEF,DSC_3022_AdobeDNC.dng,3,3,3,3,3,3,FALSE,Image size does not match,Image size does not match,Image size does not match,Image size does not match,0.97214687,0.8859621,0.6949097
DSC_3023_.NEF,DSC_3023_AdobeDNC.dng,3,3,3,3,3,3,FALSE,Image size does not match,Image size does not match,Image size does not match,Image size does not match,0.97282666,0.9207334,0.76261353
DSC_3024_.NEF,DSC_3024_AdobeDNC.dng,3,3,3,3,3,3,FALSE,Image size does not match,Image size does not match,Image size does not match,Image size does not match,0.96653533,0.90390605,0.7951164
DSC_3025_.NEF,DSC_3025_AdobeDNC.dng,3,3,3,3,3,3,FALSE,Image size does not match,Image size does not match,Image size does not match,Image size does not match,0.9466309,0.91354686,0.76710963
DSC_3029_.NEF,DSC_3029_AdobeDNC.dng,3,3,3,3,3,3,FALSE,Image size does not match,Image size does not match,Image size does not match,Image size does not match,0.9325844,0.8999459,0.7857755
DSC_3030_.NEF,DSC_3030_AdobeDNC.dng,3,3,3,3,3,3,FALSE,Image size does not match,Image size does not match,Image size does not match,Image size does not match,0.93917143,0.9857673,0.63346326
DSC_3031_.NEF,DSC_3031_AdobeDNC.dng,3,3,3,3,3,3,FALSE,Image size does not match,Image size does not match,Image size does not match,Image size does not match,0.88710433,0.7873195,0.6529445
DSC_3032_.NEF,DSC_3032_AdobeDNC.dng,3,3,3,3,3,3,FALSE,Image size does not match,Image size does not match,Image size does not match,Image size does not match,0.94557947,0.8267123,0.5443741
DSC_3036_.NEF,DSC_3036_AdobeDNC.dng,3,3,3,3,3,3,FALSE,Image size does not match,Image size does not match,Image size does not match,Image size does not match,0.94350743,0.80346113,0.55347633
DSC_3037_.NEF,DSC_3037_AdobeDNC.dng,3,3,3,3,3,3,FALSE,Image size does not match,Image size does not match,Image size does not match,Image size does not match,0.94224215,0.8038657,0.5501799
DSC_3038_.NEF,DSC_3038_AdobeDNC.dng,3,3,3,3,3,3,FALSE,Image size does not match,Image size does not match,Image size does not match,Image size does not match,0.9432475,0.79681677,0.54907936
DSC_3040_.NEF,DSC_3040_AdobeDNC.dng,3,3,3,3,3,3,FALSE,Image size does not match,Image size does not match,Image size does not match,Image size does not match,0.9293197,0.8609059,0.76508904
DSC_3044_.NEF,DSC_3044_AdobeDNC.dng,3,3,3,3,3,3,FALSE,Image size does not match,Image size does not match,Image size does not match,Image size does not match,0.9493049,0.9607913,0.7175852
DSC_3045_.NEF,DSC_3045_AdobeDNC.dng,3,3,3,3,3,3,FALSE,Image size does not match,Image size does not match,Image size does not match,Image size does not match,0.9440124,0.9285273,0.73016393
DSC_3046_.NEF,DSC_3046_AdobeDNC.dng,3,3,3,3,3,3,FALSE,Image size does not match,Image size does not match,Image size does not match,Image size does not match,0.93592167,0.85620534,0.62832654
DSC_3047_.NEF,DSC_3047_AdobeDNC.dng,3,3,3,3,3,3,FALSE,Image size does not match,Image size does not match,Image size does not match,Image size does not match,0.94766945,0.83823454,0.52996105
DSC_3049_.NEF,DSC_3049_AdobeDNC.dng,3,3,3,3,3,3,FALSE,Image size does not match,Image size does not match,Image size does not match,Image size does not match,0.9314005,0.8770231,0.62246364
DSC_3051_.NEF,DSC_3051_AdobeDNC.dng,3,3,3,3,3,3,FALSE,Image size does not match,Image size does not match,Image size does not match,Image size does not match,0.9296264,0.87897265,0.62214774
DSC_3052_.NEF,DSC_3052_AdobeDNC.dng,3,3,3,3,3,3,FALSE,Image size does not match,Image size does not match,Image size does not match,Image size does not match,0.9296158,0.8674417,0.62203693
DSC_3055_.NEF,DSC_3055_AdobeDNC.dng,3,3,3,3,3,3,FALSE,Image size does not match,Image size does not match,Image size does not match,Image size does not match,0.9309073,0.8433623,0.62642765
DSC_3056_.NEF,DSC_3056_AdobeDNC.dng,3,3,3,3,3,3,FALSE,Image size does not match,Image size does not match,Image size does not match,Image size does not match,0.9461511,0.8398844,0.74234813
DSC_3059_.NEF,DSC_3059_AdobeDNC.dng,3,3,3,3,3,3,FALSE,Image size does not match,Image size does not match,Image size does not match,Image size does not match,0.943186,0.8689494,0.6800766
DSC_3061_.NEF,DSC_3061_AdobeDNC.dng,3,3,3,3,3,3,FALSE,Image size does not match,Image size does not match,Image size does not match,Image size does not match,0.9522121,0.8818454,0.6202693
DSC_3065_.NEF,DSC_3065_AdobeDNC.dng,3,3,3,3,3,3,FALSE,Image size does not match,Image size does not match,Image size does not match,Image size does not match,0.9562373,0.8585558,0.59631646
DSC_3087_.NEF,DSC_3087_AdobeDNC.dng,3,3,3,3,3,3,FALSE,Image size does not match,Image size does not match,Image size does not match,Image size does not match,0.953785,0.8964975,0.61809576
DSC_3088_.NEF,DSC_3088_AdobeDNC.dng,3,3,3,3,3,3,FALSE,Image size does not match,Image size does not match,Image size does not match,Image size does not match,0.9583173,0.8814491,0.6019156
DSC_3094_.NEF,DSC_3094_AdobeDNC.dng,3,3,3,3,3,3,FALSE,Image size does not match,Image size does not match,Image size does not match,Image size does not match,0.94965035,0.8842754,0.61103845
DSC_3095_.NEF,DSC_3095_AdobeDNC.dng,3,3,3,3,3,3,FALSE,Image size does not match,Image size does not match,Image size does not match,Image size does not match,0.9481358,0.9053408,0.7426048
DSC_3096_.NEF,DSC_3096_AdobeDNC.dng,3,3,3,3,3,3,FALSE,Image size does not match,Image size does not match,Image size does not match,Image size does not match,0.9397165,0.8932357,0.68111074
DSC_3097_.NEF,DSC_3097_AdobeDNC.dng,3,3,3,3,3,3,FALSE,Image size does not match,Image size does not match,Image size does not match,Image size does not match,0.9329427,0.904242,0.64864576
DSC_3101_.NEF,DSC_3101_AdobeDNC.dng,3,3,3,3,3,3,FALSE,Image size does not match,Image size does not match,Image size does not match,Image size does not match,0.94036615,0.8483537,0.6274376
DSC_3102_.NEF,DSC_3102_AdobeDNC.dng,3,3,3,3,3,3,FALSE,Image size does not match,Image size does not match,Image size does not match,Image size does not match,0.94169486,0.74030334,0.6697148
DSC_3104_.NEF,DSC_3104_AdobeDNC.dng,3,3,3,3,3,3,FALSE,Image size does not match,Image size does not match,Image size does not match,Image size does not match,0.9366984,0.71611726,0.61807996
DSC_3108_.NEF,DSC_3108_AdobeDNC.dng,3,3,3,3,3,3,FALSE,Image size does not match,Image size does not match,Image size does not match,Image size does not match,0.931889,0.8370506,0.66091543
DSC_3110_.NEF,DSC_3110_AdobeDNC.dng,3,3,3,3,3,3,FALSE,Image size does not match,Image size does not match,Image size does not match,Image size does not match,0.93437165,0.75581694,0.645562
DSC_3113_.NEF,DSC_3113_AdobeDNC.dng,3,3,3,3,3,3,FALSE,Image size does not match,Image size does not match,Image size does not match,Image size does not match,0.9410779,0.76914066,0.69168645
DSC_3114_.NEF,DSC_3114_AdobeDNC.dng,3,3,3,3,3,3,FALSE,Image size does not match,Image size does not match,Image size does not match,Image size does not match,0.9412189,0.76900476,0.69257987
DSC_3115_.NEF,DSC_3115_AdobeDNC.dng,3,3,3,3,3,3,FALSE,Image size does not match,Image size does not match,Image size does not match,Image size does not match,0.9402026,0.7695958,0.69329256
DSC_3116_.NEF,DSC_3116_AdobeDNC.dng,3,3,3,3,3,3,FALSE,Image size does not match,Image size does not match,Image size does not match,Image size does not match,0.9390927,0.7500621,0.67426175
DSC_3117_.NEF,DSC_3117_AdobeDNC.dng,3,3,3,3,3,3,FALSE,Image size does not match,Image size does not match,Image size does not match,Image size does not match,0.93845636,0.7532072,0.6740731
DSC_3118_.NEF,DSC_3118_AdobeDNC.dng,3,3,3,3,3,3,FALSE,Image size does not match,Image size does not match,Image size does not match,Image size does not match,0.9635808,0.8342372,0.782152
DSC_3121_.NEF,DSC_3121_AdobeDNC.dng,3,3,3,3,3,3,FALSE,Image size does not match,Image size does not match,Image size does not match,Image size does not match,0.9657932,0.8410292,0.79007983
DSC_3122_.NEF,DSC_3122_AdobeDNC.dng,3,3,3,3,3,3,FALSE,Image size does not match,Image size does not match,Image size does not match,Image size does not match,0.95891386,0.863062,0.7788345
DSC_3123_.NEF,DSC_3123_AdobeDNC.dng,3,3,3,3,3,3,FALSE,Image size does not match,Image size does not match,Image size does not match,Image size does not match,0.9635626,0.833827,0.79401666
DSC_3124_.NEF,DSC_3124_AdobeDNC.dng,3,3,3,3,3,3,FALSE,Image size does not match,Image size does not match,Image size does not match,Image size does not match,0.9633921,0.8366111,0.7891229
DSC_3127_.NEF,DSC_3127_AdobeDNC.dng,3,3,3,3,3,3,FALSE,Image size does not match,Image size does not match,Image size does not match,Image size does not match,0.9662111,0.8548072,0.8000518
DSC_3128_.NEF,DSC_3128_AdobeDNC.dng,3,3,3,3,3,3,FALSE,Image size does not match,Image size does not match,Image size does not match,Image size does not match,0.9654595,0.84566295,0.7908786
DSC_3129_.NEF,DSC_3129_AdobeDNC.dng,3,3,3,3,3,3,FALSE,Image size does not match,Image size does not match,Image size does not match,Image size does not match,0.96498597,0.84363115,0.79320455
DSC_3130_.NEF,DSC_3130_AdobeDNC.dng,3,3,3,3,3,3,FALSE,Image size does not match,Image size does not match,Image size does not match,Image size does not match,0.96335316,0.84217626,0.79416907
DSC_3131_.NEF,DSC_3131_AdobeDNC.dng,3,3,3,3,3,3,FALSE,Image size does not match,Image size does not match,Image size does not match,Image size does not match,0.95295215,0.8749204,0.7612962
DSC_3138_.NEF,DSC_3138_AdobeDNC.dng,3,3,3,3,3,3,FALSE,Image size does not match,Image size does not match,Image size does not match,Image size does not match,0.9599302,0.8748752,0.7634225
DSC_3150_.NEF,DSC_3150_AdobeDNC.dng,3,3,3,3,3,3,FALSE,Image size does not match,Image size does not match,Image size does not match,Image size does not match,0.9694591,0.8892496,0.81240135
DSC_3165_.NEF,DSC_3165_AdobeDNC.dng,3,3,3,3,3,3,FALSE,Image size does not match,Image size does not match,Image size does not match,Image size does not match,0.960158,0.91207665,0.8189418
DSC_3167_.NEF,DSC_3167_AdobeDNC.dng,3,3,3,3,3,3,FALSE,Image size does not match,Image size does not match,Image size does not match,Image size does not match,0.96360934,0.9151279,0.82416785
DSC_3169_.NEF,DSC_3169_AdobeDNC.dng,3,3,3,3,3,3,FALSE,Image size does not match,Image size does not match,Image size does not match,Image size does not match,0.95551294,0.8977187,0.7981821
DSC_3170_.NEF,DSC_3170_AdobeDNC.dng,3,3,3,3,3,3,FALSE,Image size does not match,Image size does not match,Image size does not match,Image size does not match,0.9549017,0.8976039,0.80136704
DSC_3172_.NEF,DSC_3172_AdobeDNC.dng,3,3,3,3,3,3,FALSE,Image size does not match,Image size does not match,Image size does not match,Image size does not match,0.97065765,0.9248101,0.8615288
DSC_3176_.NEF,DSC_3176_AdobeDNC.dng,3,3,3,3,3,3,FALSE,Image size does not match,Image size does not match,Image size does not match,Image size does not match,0.95240563,0.9123938,0.81560415
DSC_3201_.NEF,DSC_3201_AdobeDNC.dng,3,3,3,3,3,3,FALSE,Image size does not match,Image size does not match,Image size does not match,Image size does not match,0.96362317,0.90782684,0.8303819
DSC_3202_.NEF,DSC_3202_AdobeDNC.dng,3,3,3,3,3,3,FALSE,Image size does not match,Image size does not match,Image size does not match,Image size does not match,0.96309847,0.9058014,0.83093935
DSC_3203_.NEF,DSC_3203_AdobeDNC.dng,3,3,3,3,3,3,FALSE,Image size does not match,Image size does not match,Image size does not match,Image size does not match,0.96144104,0.9086721,0.83784854
DSC_3204_.NEF,DSC_3204_AdobeDNC.dng,3,3,3,3,3,3,FALSE,Image size does not match,Image size does not match,Image size does not match,Image size does not match,0.96150047,0.8969322,0.8218021
DSC_3205_.NEF,DSC_3205_AdobeDNC.dng,3,3,3,3,3,3,FALSE,Image size does not match,Image size does not match,Image size does not match,Image size does not match,0.9605108,0.89744216,0.82414395
DSC_3206_.NEF,DSC_3206_AdobeDNC.dng,3,3,3,3,3,3,FALSE,Image size does not match,Image size does not match,Image size does not match,Image size does not match,0.95815086,0.8995676,0.82138157
DSC_3207_.NEF,DSC_3207_AdobeDNC.dng,3,3,3,3,3,3,FALSE,Image size does not match,Image size does not match,Image size does not match,Image size does not match,0.95621145,0.89767027,0.81996554
DSC_3225_.NEF,DSC_3225_AdobeDNC.dng,3,3,3,3,3,3,FALSE,Image size does not match,Image size does not match,Image size does not match,Image size does not match,0.9527362,0.8053992,0.6986148
DSC_3226_.NEF,DSC_3226_AdobeDNC.dng,3,3,3,3,3,3,FALSE,Image size does not match,Image size does not match,Image size does not match,Image size does not match,0.8011539,0.73536146,0.51830715
DSC_3227_.NEF,DSC_3227_AdobeDNC.dng,3,3,3,3,3,3,FALSE,Image size does not match,Image size does not match,Image size does not match,Image size does not match,0.97902954,0.8880729,0.81306714
DSC_3228_.NEF,DSC_3228_AdobeDNC.dng,3,3,3,3,3,3,FALSE,Image size does not match,Image size does not match,Image size does not match,Image size does not match,0.9659564,0.8616161,0.7870303
DSC_3229_.NEF,DSC_3229_AdobeDNC.dng,3,3,3,3,3,3,FALSE,Image size does not match,Image size does not match,Image size does not match,Image size does not match,0.9605134,0.88701695,0.8184731
DSC_3245_.NEF,DSC_3245_AdobeDNC.dng,3,3,3,3,3,3,FALSE,Image size does not match,Image size does not match,Image size does not match,Image size does not match,0.86478347,0.8598001,0.8236046
DSC_3246_.NEF,DSC_3246_AdobeDNC.dng,3,3,3,3,3,3,FALSE,Image size does not match,Image size does not match,Image size does not match,Image size does not match,0.9208161,0.8277877,0.7045904
DSC_3247_.NEF,DSC_3247_AdobeDNC.dng,3,3,3,3,3,3,FALSE,Image size does not match,Image size does not match,Image size does not match,Image size does not match,0.94626933,0.8159663,0.6601375
DSC_3248_.NEF,DSC_3248_AdobeDNC.dng,3,3,3,3,3,3,FALSE,Image size does not match,Image size does not match,Image size does not match,Image size does not match,0.9489282,0.8295165,0.68535876
DSC_3266_.NEF,DSC_3266_AdobeDNC.dng,3,3,3,3,3,3,FALSE,Image size does not match,Image size does not match,Image size does not match,Image size does not match,0.9653793,0.8917139,0.5802421
DSC_3267_.NEF,DSC_3267_AdobeDNC.dng,3,3,3,3,3,3,FALSE,Image size does not match,Image size does not match,Image size does not match,Image size does not match,0.92956686,0.9267875,0.5450381
DSC_3270_.NEF,DSC_3270_AdobeDNC.dng,3,3,3,3,3,3,FALSE,Image size does not match,Image size does not match,Image size does not match,Image size does not match,0.9507821,0.83209145,0.7893009
DSC_3271_.NEF,DSC_3271_AdobeDNC.dng,3,3,3,3,3,3,FALSE,Image size does not match,Image size does not match,Image size does not match,Image size does not match,0.95647943,0.8686537,0.7977034
DSC_3274_.NEF,DSC_3274_AdobeDNC.dng,3,3,3,3,3,3,FALSE,Image size does not match,Image size does not match,Image size does not match,Image size does not match,0.97114104,0.8476596,0.76497734
DSC_3275_.NEF,DSC_3275_AdobeDNC.dng,3,3,3,3,3,3,FALSE,Image size does not match,Image size does not match,Image size does not match,Image size does not match,0.96219534,0.82378125,0.70022976
DSC_3276_.NEF,DSC_3276_AdobeDNC.dng,3,3,3,3,3,3,FALSE,Image size does not match,Image size does not match,Image size does not match,Image size does not match,0.96321654,0.8344714,0.7193509
DSC_3278_.NEF,DSC_3278_AdobeDNC.dng,3,3,3,3,3,3,FALSE,Image size does not match,Image size does not match,Image size does not match,Image size does not match,0.94424427,0.8148478,0.7582853
DSC_3279_.NEF,DSC_3279_AdobeDNC.dng,3,3,3,3,3,3,FALSE,Image size does not match,Image size does not match,Image size does not match,Image size does not match,0.9629638,0.8526518,0.66614455
DSC_3280_.NEF,DSC_3280_AdobeDNC.dng,3,3,3,3,3,3,FALSE,Image size does not match,Image size does not match,Image size does not match,Image size does not match,0.9644227,0.8835307,0.647701
DSC_3281_.NEF,DSC_3281_AdobeDNC.dng,3,3,3,3,3,3,FALSE,Image size does not match,Image size does not match,Image size does not match,Image size does not match,0.96697354,0.8856867,0.68544626
DSC_3283_.NEF,DSC_3283_AdobeDNC.dng,3,3,3,3,3,3,FALSE,Image size does not match,Image size does not match,Image size does not match,Image size does not match,0.9582454,0.94131804,0.73831797
DSC_3284_.NEF,DSC_3284_AdobeDNC.dng,3,3,3,3,3,3,FALSE,Image size does not match,Image size does not match,Image size does not match,Image size does not match,0.9359129,0.8985744,0.5781719
DSC_3285_.NEF,DSC_3285_AdobeDNC.dng,3,3,3,3,3,3,FALSE,Image size does not match,Image size does not match,Image size does not match,Image size does not match,0.952011,0.8705762,0.70043015
DSC_3286_.NEF,DSC_3286_AdobeDNC.dng,3,3,3,3,3,3,FALSE,Image size does not match,Image size does not match,Image size does not match,Image size does not match,0.9525637,0.85879606,0.7019476
DSC_3287_.NEF,DSC_3287_AdobeDNC.dng,3,3,3,3,3,3,FALSE,Image size does not match,Image size does not match,Image size does not match,Image size does not match,0.9522117,0.7789201,0.7223507
DSC_3290_.NEF,DSC_3290_AdobeDNC.dng,3,3,3,3,3,3,FALSE,Image size does not match,Image size does not match,Image size does not match,Image size does not match,0.96324784,0.8300101,0.53739226
DSC_3291_.NEF,DSC_3291_AdobeDNC.dng,3,3,3,3,3,3,FALSE,Image size does not match,Image size does not match,Image size does not match,Image size does not match,0.9632661,0.87875193,0.6525396
DSC_3295_.NEF,DSC_3295_AdobeDNC.dng,3,3,3,3,3,3,FALSE,Image size does not match,Image size does not match,Image size does not match,Image size does not match,0.969657,0.91053593,0.78374004
DSC_3296_.NEF,DSC_3296_AdobeDNC.dng,3,3,3,3,3,3,FALSE,Image size does not match,Image size does not match,Image size does not match,Image size does not match,0.9499829,0.87318045,0.65537924
DSC_3297_.NEF,DSC_3297_AdobeDNC.dng,3,3,3,3,3,3,FALSE,Image size does not match,Image size does not match,Image size does not match,Image size does not match,0.9552878,0.8926123,0.74802345
DSC_3298_.NEF,DSC_3298_AdobeDNC.dng,3,3,3,3,3,3,FALSE,Image size does not match,Image size does not match,Image size does not match,Image size does not match,0.9751081,0.86782753,0.7399482
DSC_3299_.NEF,DSC_3299_AdobeDNC.dng,3,3,3,3,3,3,FALSE,Image size does not match,Image size does not match,Image size does not match,Image size does not match,0.9538665,0.85595083,0.674935
DSC_3302_.NEF,DSC_3302_AdobeDNC.dng,3,3,3,3,3,3,FALSE,Image size does not match,Image size does not match,Image size does not match,Image size does not match,0.95607036,0.86054826,0.6313789
DSC_3310_.NEF,DSC_3310_AdobeDNC.dng,3,3,3,3,3,3,FALSE,Image size does not match,Image size does not match,Image size does not match,Image size does not match,0.9645543,0.8620396,0.8198998
DSC_3311_.NEF,DSC_3311_AdobeDNC.dng,3,3,3,3,3,3,FALSE,Image size does not match,Image size does not match,Image size does not match,Image size does not match,0.9656392,0.8506761,0.69905907
DSC_3312_.NEF,DSC_3312_AdobeDNC.dng,3,3,3,3,3,3,FALSE,Image size does not match,Image size does not match,Image size does not match,Image size does not match,0.9647922,0.8544355,0.7046786
DSC_4716_.NEF,DSC_4716_AdobeDNC.dng,3,3,3,3,3,3,FALSE,Image size does not match,Image size does not match,Image size does not match,Image size does not match,0.97856116,0.9710319,0.9256134
DSC_6633_.NEF,DSC_6633_AdobeDNC.dng,3,3,3,3,3,3,FALSE,Image size does not match,Image size does not match,Image size does not match,Image size does not match,0.9884717,0.88876563,0.7614189
DSC_6635_.NEF,DSC_6635_AdobeDNC.dng,3,3,3,3,3,3,FALSE,Image size does not match,Image size does not match,Image size does not match,Image size does not match,0.9854426,0.8182831,0.6635799
DSC_6652_.NEF,DSC_6652_AdobeDNC.dng,3,3,3,3,3,3,FALSE,Image size does not match,Image size does not match,Image size does not match,Image size does not match,0.9826073,0.89390415,0.78010094
IMG_0075_.CR2,IMG_0075_AdobeDNC.dng,3,3,3,3,3,3,FALSE,Image size does not match,Image size does not match,Image size does not match,Image size does not match,0.9059692,0.90953434,0.68963313
IMG_0166_.CR2,IMG_0166_AdobeDNC.dng,3,3,3,3,3,3,FALSE,Image size does not match,Image size does not match,Image size does not match,Image size does not match,0.99315804,0.9884749,0.8771742
IMG_0175_.CR2,IMG_0175_AdobeDNC.dng,3,3,3,3,3,3,FALSE,Image size does not match,Image size does not match,Image size does not match,Image size does not match,0.98409593,0.8336386,0.72247493
IMG_0177_.CR2,IMG_0177_AdobeDNC.dng,3,3,3,3,3,3,FALSE,Image size does not match,Image size does not match,Image size does not match,Image size does not match,0.98911643,0.9867968,0.89821166
IMG_2399_.CR2,IMG_2399_AdobeDNC.dng,3,3,3,3,3,3,FALSE,Image size does not match,Image size does not match,Image size does not match,Image size does not match,0.9727983,0.8327663,0.706647
IMG_2401_.CR2,IMG_2401_AdobeDNC.dng,3,3,3,3,3,3,FALSE,Image size does not match,Image size does not match,Image size does not match,Image size does not match,0.95316035,0.82498163,0.6909043
IMG_3711_.CR2,IMG_3711_AdobeDNC.dng,3,3,3,3,3,3,FALSE,Image size does not match,Image size does not match,Image size does not match,Image size does not match,0.90581113,0.73855436,0.5314059
IMG_3721_.CR2,IMG_3721_AdobeDNC.dng,3,3,3,3,3,3,FALSE,Image size does not match,Image size does not match,Image size does not match,Image size does not match,0.9442057,0.8559753,0.7357396
IMG_3722_.CR2,IMG_3722_AdobeDNC.dng,3,3,3,3,3,3,FALSE,Image size does not match,Image size does not match,Image size does not match,Image size does not match,0.94751453,0.8566711,0.7208498
IMG_3790_.CR2,IMG_3790_AdobeDNC.dng,3,3,3,3,3,3,FALSE,Image size does not match,Image size does not match,Image size does not match,Image size does not match,0.9526404,0.951841,0.73191553
IMG_3823_.CR2,IMG_3823_AdobeDNC.dng,3,3,3,3,3,3,FALSE,Image size does not match,Image size does not match,Image size does not match,Image size does not match,0.9772265,0.9877821,0.9391199
IMG_3826_.CR2,IMG_3826_AdobeDNC.dng,3,3,3,3,3,3,FALSE,Image size does not match,Image size does not match,Image size does not match,Image size does not match,0.9462415,0.96661085,0.7237648
IMG_4459_.CR2,IMG_4459_AdobeDNC.dng,3,3,2,3,3,3,FALSE,Image size does not match,Image size does not match,Image size does not match,Image size does not match,0.9492679,0.671826,0.67756164
IMG_4487_.CR2,IMG_4487_AdobeDNC.dng,3,3,2,3,3,3,FALSE,Image size does not match,Image size does not match,Image size does not match,Image size does not match,0.9727985,0.8011484,0.8139536
IMG_4641_.CR2,IMG_4641_AdobeDNC.dng,3,3,3,2,2,3,FALSE,Image size does not match,Image size does not match,Image size does not match,Image size does not match,0.94444966,0.7385558,0.492054
IMG_4837_.CR2,IMG_4837_AdobeDNC.dng,3,3,2,2,2,3,FALSE,Image size does not match,Image size does not match,Image size does not match,Image size does not match,0.96908814,0.91154456,0.79789305
IMG_4874_.CR2,IMG_4874_AdobeDNC.dng,3,3,2,3,3,3,FALSE,Image size does not match,Image size does not match,Image size does not match,Image size does not match,0.96348214,0.87278515,0.74937826
IMG_5029_.CR2,IMG_5029_AdobeDNC.dng,3,3,2,3,3,3,FALSE,Image size does not match,Image size does not match,Image size does not match,Image size does not match,0.9521603,0.7723843,0.6259304
IMG_7373_.CR2,IMG_7373_AdobeDNC.dng,3,3,3,3,3,3,FALSE,Image size does not match,Image size does not match,Image size does not match,Image size does not match,0.9831401,0.9625151,0.8919931